fold,n_test,acc,f1,auc
0,13366,0.689361065389795,0.7129424778761062,0.7720318033250483
1,13024,0.7423218673218673,0.8292806999694781,0.7871100405063153
2,9785,0.7090444557996934,0.7455081791364977,0.7587313538527581
3,8800,0.7728409090909091,0.8267914392167056,0.8314092010924138
4,11768,0.6642590074779062,0.7035786630654963,0.7318049664255459
