fold,n_test,acc,f1,auc
0,65,0.7538461538461538,0.8333333333333334,0.7694508009153318
1,47,0.7872340425531915,0.8484848484848485,0.875
2,61,0.6721311475409836,0.7777777777777778,0.7072463768115942
3,73,0.7671232876712328,0.8547008547008547,0.7449633699633699
4,60,0.7666666666666667,0.8333333333333334,0.7283272283272284
